Link Name,beam1,beam2,beam3
frame207_beam_index_RSF7_Car12,15,102,75
frame208_beam_index_RSF7_Car12,66,90,63
frame210_beam_index_RSF7_Car12,124,98,1
frame214_beam_index_RSF7_Car12,75,5,90
frame219_beam_index_RSF7_Car12,6,99,116
frame224_beam_index_RSF7_Car12,5,116,73
frame227_beam_index_RSF7_Car12,28,83,69
frame230_beam_index_RSF7_Car12,87,108,44
frame233_beam_index_RSF7_Car12,16,71,78
frame234_beam_index_RSF7_Car12,22,73,111
frame238_beam_index_RSF7_Car12,23,43,68
frame241_beam_index_RSF7_Car12,43,26,41
frame247_beam_index_RSF7_Car12,70,31,17
frame253_beam_index_RSF7_Car12,9,91,55
frame256_beam_index_RSF7_Car12,6,70,64
frame288_beam_index_RSF7_Car13,4,116,107
frame289_beam_index_RSF7_Car13,67,88,56
frame290_beam_index_RSF7_Car13,18,32,112
frame298_beam_index_RSF7_Car13,85,48,29
frame303_beam_index_RSF7_Car13,32,25,76
frame304_beam_index_RSF7_Car13,110,63,9
frame305_beam_index_RSF7_Car13,71,14,20
frame306_beam_index_RSF7_Car13,84,10,11
frame308_beam_index_RSF7_Car13,39,19,19
frame309_beam_index_RSF7_Car13,117,43,61
frame316_beam_index_RSF7_Car12,70,72,65
frame316_beam_index_RSF7_Car13,23,104,101
frame318_beam_index_RSF7_Car12,60,10,63
frame318_beam_index_RSF7_Car13,2,36,118
frame319_beam_index_RSF7_Car12,127,57,66
frame319_beam_index_RSF7_Car13,79,20,42
frame323_beam_index_RSF7_Car13,21,94,120
frame324_beam_index_RSF7_Car12,88,66,38
frame324_beam_index_RSF7_Car13,86,93,127
frame330_beam_index_RSF7_Car13,78,69,24
frame332_beam_index_RSF7_Car12,26,2,46
frame332_beam_index_RSF7_Car13,109,34,62
frame335_beam_index_RSF7_Car13,87,41,99
frame339_beam_index_RSF7_Car13,15,55,3
frame341_beam_index_RSF7_Car13,76,38,51
frame342_beam_index_RSF7_Car13,17,102,91
frame343_beam_index_RSF7_Car13,83,49,112
frame344_beam_index_RSF7_Car13,21,104,88
frame345_beam_index_RSF7_Car13,24,83,95
frame346_beam_index_RSF7_Car13,40,20,79
frame347_beam_index_RSF7_Car13,104,35,48
frame348_beam_index_RSF7_Car13,99,33,104
frame351_beam_index_RSF7_Car13,56,41,54
frame353_beam_index_RSF7_Car13,44,82,81
frame357_beam_index_RSF7_Car13,72,122,84
frame358_beam_index_RSF7_Car13,11,94,91
frame361_beam_index_RSF7_Car13,103,14,42
frame363_beam_index_RSF7_Car13,79,12,84
frame367_beam_index_RSF7_Car13,17,104,90
frame372_beam_index_RSF7_Car13,78,25,26
frame375_beam_index_RSF7_Car13,47,25,89
frame382_beam_index_RSF7_Car13,60,60,27
frame384_beam_index_RSF7_Car13,43,76,20
frame387_beam_index_RSF7_Car12,63,80,25
frame387_beam_index_RSF7_Car13,27,52,82
frame388_beam_index_RSF7_Car12,10,115,50
frame388_beam_index_RSF7_Car13,30,1,123
frame389_beam_index_RSF7_Car12,54,4,87
frame389_beam_index_RSF7_Car13,7,30,90
frame390_beam_index_RSF7_Car12,65,124,29
frame390_beam_index_RSF7_Car13,25,40,26
frame391_beam_index_RSF7_Car12,17,31,61
frame391_beam_index_RSF7_Car13,8,69,1
frame393_beam_index_RSF7_Car12,79,100,71
frame393_beam_index_RSF7_Car13,46,108,117
frame394_beam_index_RSF7_Car13,91,99,124
frame396_beam_index_RSF7_Car13,91,20,82
frame401_beam_index_RSF7_Car13,40,124,2
frame403_beam_index_RSF7_Car13,94,61,123
frame407_beam_index_RSF7_Car13,102,94,71
frame408_beam_index_RSF7_Car13,103,77,97
frame411_beam_index_RSF7_Car13,104,121,30
frame418_beam_index_RSF7_Car13,30,87,45
frame427_beam_index_RSF7_Car12,24,84,92
frame427_beam_index_RSF7_Car13,56,83,61
frame431_beam_index_RSF7_Car12,113,13,125
frame431_beam_index_RSF7_Car13,80,56,15
frame432_beam_index_RSF7_Car12,11,12,86
frame432_beam_index_RSF7_Car13,89,3,24
frame433_beam_index_RSF7_Car12,89,9,92
frame433_beam_index_RSF7_Car13,46,94,71
frame435_beam_index_RSF7_Car12,60,11,10
frame435_beam_index_RSF7_Car13,3,19,2
frame436_beam_index_RSF7_Car12,17,93,2
frame436_beam_index_RSF7_Car13,53,16,113
frame443_beam_index_RSF7_Car12,10,68,43
frame443_beam_index_RSF7_Car13,90,58,113
frame447_beam_index_RSF7_Car12,60,122,24
frame447_beam_index_RSF7_Car13,76,85,106
frame450_beam_index_RSF7_Car12,16,100,99
frame450_beam_index_RSF7_Car13,9,6,108
frame451_beam_index_RSF7_Car12,65,78,24
frame451_beam_index_RSF7_Car13,10,82,109
frame453_beam_index_RSF7_Car13,73,27,119
frame454_beam_index_RSF7_Car13,83,100,3
frame455_beam_index_RSF7_Car13,38,73,74
frame459_beam_index_RSF7_Car13,73,17,106
frame460_beam_index_RSF7_Car13,102,48,49
frame465_beam_index_RSF7_Car13,43,84,7
frame466_beam_index_RSF7_Car13,68,121,126
frame471_beam_index_RSF7_Car13,74,21,78
frame472_beam_index_RSF7_Car13,25,81,61
frame474_beam_index_RSF7_Car13,28,78,52
frame482_beam_index_RSF7_Car12,119,13,34
frame482_beam_index_RSF7_Car13,127,105,67
frame484_beam_index_RSF7_Car12,4,44,126
frame484_beam_index_RSF7_Car13,127,15,84
frame485_beam_index_RSF7_Car12,8,114,5
frame485_beam_index_RSF7_Car13,66,92,86
frame487_beam_index_RSF7_Car12,73,92,121
frame487_beam_index_RSF7_Car13,46,65,116
frame488_beam_index_RSF7_Car13,100,113,106
frame491_beam_index_RSF7_Car13,66,102,26
frame492_beam_index_RSF7_Car12,31,51,41
frame492_beam_index_RSF7_Car13,51,19,95
frame494_beam_index_RSF7_Car13,73,3,38
frame496_beam_index_RSF7_Car12,70,113,45
frame496_beam_index_RSF7_Car13,109,71,41
frame499_beam_index_RSF7_Car13,25,89,50
frame504_beam_index_RSF7_Car13,1,54,86
frame507_beam_index_RSF7_Car13,84,13,40
frame509_beam_index_RSF7_Car13,21,87,41
frame511_beam_index_RSF7_Car13,61,33,73
frame512_beam_index_RSF7_Car13,29,125,116
frame514_beam_index_RSF7_Car13,55,32,11
frame515_beam_index_RSF7_Car13,52,36,93
frame516_beam_index_RSF7_Car13,112,31,14
frame517_beam_index_RSF7_Car13,63,52,54
frame518_beam_index_RSF7_Car13,117,50,89
frame522_beam_index_RSF7_Car12,123,54,90
frame522_beam_index_RSF7_Car13,86,73,97
frame524_beam_index_RSF7_Car13,87,99,84
frame525_beam_index_RSF7_Car13,97,35,110
frame529_beam_index_RSF7_Car12,30,110,55
frame529_beam_index_RSF7_Car13,94,86,109
frame531_beam_index_RSF7_Car12,1,15,25
frame531_beam_index_RSF7_Car13,20,71,16
frame531_beam_index_RSF7_Car24,52,87,85
frame533_beam_index_RSF7_Car12,65,111,84
frame533_beam_index_RSF7_Car13,111,83,70
frame535_beam_index_RSF7_Car12,102,96,1
frame535_beam_index_RSF7_Car13,94,126,16
frame541_beam_index_RSF7_Car12,27,18,77
frame541_beam_index_RSF7_Car13,44,50,92
frame542_beam_index_RSF7_Car12,74,14,52
frame542_beam_index_RSF7_Car13,93,121,75
frame542_beam_index_RSF7_Car24,50,123,120
frame543_beam_index_RSF7_Car12,91,108,17
frame543_beam_index_RSF7_Car13,124,120,3
frame544_beam_index_RSF7_Car12,62,95,21
frame544_beam_index_RSF7_Car13,33,1,70
frame546_beam_index_RSF7_Car12,115,56,4
frame546_beam_index_RSF7_Car13,22,77,58
frame549_beam_index_RSF7_Car12,44,57,94
frame549_beam_index_RSF7_Car13,40,116,90
frame549_beam_index_RSF7_Car24,56,63,103
frame550_beam_index_RSF7_Car12,117,39,7
frame550_beam_index_RSF7_Car13,14,125,90
frame550_beam_index_RSF7_Car24,18,55,115
frame552_beam_index_RSF7_Car12,56,88,57
frame552_beam_index_RSF7_Car13,123,116,58
frame555_beam_index_RSF7_Car12,115,25,121
frame555_beam_index_RSF7_Car13,114,96,70
frame559_beam_index_RSF7_Car12,80,3,21
frame559_beam_index_RSF7_Car13,32,2,111
frame568_beam_index_RSF7_Car12,20,75,115
frame568_beam_index_RSF7_Car13,18,54,75
frame569_beam_index_RSF7_Car12,99,36,102
frame569_beam_index_RSF7_Car13,76,61,60
frame574_beam_index_RSF7_Car12,95,117,36
frame574_beam_index_RSF7_Car13,125,94,44
frame577_beam_index_RSF7_Car12,68,66,44
frame577_beam_index_RSF7_Car13,77,90,29
frame582_beam_index_RSF7_Car12,48,36,92
frame582_beam_index_RSF7_Car13,8,5,96
frame582_beam_index_RSF7_Car24,94,78,47
frame585_beam_index_RSF7_Car12,126,43,10
frame585_beam_index_RSF7_Car13,10,120,6
frame585_beam_index_RSF7_Car24,16,60,26
frame589_beam_index_RSF7_Car12,21,100,58
frame589_beam_index_RSF7_Car13,41,106,30
frame590_beam_index_RSF7_Car12,5,10,112
frame590_beam_index_RSF7_Car13,95,11,102
frame591_beam_index_RSF7_Car12,63,7,59
frame591_beam_index_RSF7_Car13,12,64,123
frame592_beam_index_RSF7_Car12,109,113,41
frame592_beam_index_RSF7_Car13,60,72,28
frame592_beam_index_RSF7_Car24,123,80,63
frame596_beam_index_RSF7_Car12,117,3,101
frame596_beam_index_RSF7_Car13,32,21,121
frame597_beam_index_RSF7_Car12,55,109,18
frame597_beam_index_RSF7_Car13,53,112,121
frame598_beam_index_RSF7_Car12,110,75,61
frame598_beam_index_RSF7_Car13,50,8,12
frame603_beam_index_RSF7_Car12,51,116,66
frame603_beam_index_RSF7_Car13,41,22,127
frame603_beam_index_RSF7_Car24,9,78,79
frame604_beam_index_RSF7_Car12,11,125,13
frame604_beam_index_RSF7_Car13,56,28,89
frame604_beam_index_RSF7_Car24,64,101,64
frame605_beam_index_RSF7_Car12,70,55,37
frame605_beam_index_RSF7_Car13,33,25,114
frame605_beam_index_RSF7_Car24,23,60,56
frame608_beam_index_RSF7_Car12,63,8,17
frame608_beam_index_RSF7_Car13,95,90,119
frame608_beam_index_RSF7_Car24,57,75,62
frame609_beam_index_RSF7_Car12,94,11,67
frame609_beam_index_RSF7_Car13,40,40,121
frame609_beam_index_RSF7_Car24,56,53,85
frame611_beam_index_RSF7_Car12,99,28,86
frame611_beam_index_RSF7_Car13,42,115,46
frame612_beam_index_RSF7_Car12,18,23,26
frame612_beam_index_RSF7_Car13,99,29,52
frame612_beam_index_RSF7_Car24,110,75,106
frame613_beam_index_RSF7_Car12,120,46,1
frame613_beam_index_RSF7_Car13,63,16,25
frame615_beam_index_RSF7_Car12,62,102,82
frame615_beam_index_RSF7_Car13,80,83,16
frame616_beam_index_RSF7_Car12,69,91,108
frame616_beam_index_RSF7_Car13,70,121,34
frame616_beam_index_RSF7_Car24,80,53,23
frame617_beam_index_RSF7_Car12,43,44,32
frame617_beam_index_RSF7_Car13,107,23,20
frame617_beam_index_RSF7_Car24,19,93,72
frame618_beam_index_RSF7_Car12,29,18,69
frame618_beam_index_RSF7_Car13,12,10,111
frame620_beam_index_RSF7_Car12,37,81,96
frame620_beam_index_RSF7_Car13,55,4,95
frame620_beam_index_RSF7_Car24,63,90,12
frame622_beam_index_RSF7_Car12,18,8,32
frame622_beam_index_RSF7_Car13,84,49,104
frame622_beam_index_RSF7_Car24,63,77,59
frame623_beam_index_RSF7_Car12,87,67,99
frame623_beam_index_RSF7_Car13,39,50,85
frame623_beam_index_RSF7_Car24,71,118,26
frame624_beam_index_RSF7_Car12,23,96,63
frame624_beam_index_RSF7_Car13,66,39,66
frame624_beam_index_RSF7_Car24,103,46,15
frame626_beam_index_RSF7_Car12,16,120,90
frame626_beam_index_RSF7_Car13,72,16,85
frame626_beam_index_RSF7_Car24,39,11,88
frame630_beam_index_RSF7_Car12,36,18,23
frame630_beam_index_RSF7_Car13,77,49,108
frame633_beam_index_RSF7_Car12,114,42,103
frame633_beam_index_RSF7_Car13,108,44,122
frame635_beam_index_RSF7_Car12,109,1,7
frame635_beam_index_RSF7_Car13,48,112,85
frame635_beam_index_RSF7_Car24,16,48,78
frame636_beam_index_RSF7_Car12,43,51,107
frame636_beam_index_RSF7_Car13,66,31,39
frame637_beam_index_RSF7_Car12,9,41,63
frame637_beam_index_RSF7_Car13,14,58,74
frame644_beam_index_RSF7_Car12,112,88,114
frame644_beam_index_RSF7_Car13,97,120,98
frame644_beam_index_RSF7_Car24,84,64,28
frame645_beam_index_RSF7_Car12,4,34,4
frame645_beam_index_RSF7_Car13,119,70,58
frame645_beam_index_RSF7_Car24,86,4,50
frame646_beam_index_RSF7_Car12,5,75,45
frame646_beam_index_RSF7_Car13,35,83,116
frame646_beam_index_RSF7_Car24,75,75,117
frame648_beam_index_RSF7_Car12,27,2,54
frame648_beam_index_RSF7_Car13,111,118,72
frame649_beam_index_RSF7_Car12,98,104,127
frame649_beam_index_RSF7_Car13,120,84,87
frame652_beam_index_RSF7_Car12,79,48,77
frame652_beam_index_RSF7_Car13,119,95,49
frame652_beam_index_RSF7_Car24,110,125,78
frame653_beam_index_RSF7_Car12,1,120,91
frame653_beam_index_RSF7_Car13,33,35,54
frame653_beam_index_RSF7_Car24,56,15,69
frame655_beam_index_RSF7_Car12,101,4,110
frame655_beam_index_RSF7_Car13,84,64,103
frame655_beam_index_RSF7_Car24,22,24,47
frame656_beam_index_RSF7_Car12,75,110,6
frame656_beam_index_RSF7_Car13,27,10,39
frame656_beam_index_RSF7_Car24,74,110,90
frame658_beam_index_RSF7_Car12,37,54,97
frame658_beam_index_RSF7_Car13,51,60,72
frame658_beam_index_RSF7_Car24,51,62,49
frame659_beam_index_RSF7_Car12,51,28,112
frame659_beam_index_RSF7_Car13,36,104,25
frame659_beam_index_RSF7_Car24,36,77,60
frame661_beam_index_RSF7_Car12,7,65,73
frame661_beam_index_RSF7_Car13,123,92,36
frame661_beam_index_RSF7_Car24,110,94,73
frame663_beam_index_RSF7_Car12,30,99,47
frame663_beam_index_RSF7_Car13,91,29,127
frame663_beam_index_RSF7_Car24,5,65,107
frame666_beam_index_RSF7_Car12,115,69,63
frame666_beam_index_RSF7_Car13,118,93,56
frame666_beam_index_RSF7_Car24,17,127,51
frame668_beam_index_RSF7_Car12,113,37,88
frame668_beam_index_RSF7_Car13,116,125,91
frame668_beam_index_RSF7_Car24,9,118,38
frame669_beam_index_RSF7_Car12,123,53,13
frame669_beam_index_RSF7_Car13,90,53,75
frame679_beam_index_RSF7_Car12,119,88,119
frame679_beam_index_RSF7_Car13,97,49,122
frame679_beam_index_RSF7_Car24,70,35,16
frame681_beam_index_RSF7_Car12,13,108,121
frame681_beam_index_RSF7_Car13,11,87,2
frame681_beam_index_RSF7_Car24,124,94,19
frame684_beam_index_RSF7_Car12,104,45,46
frame684_beam_index_RSF7_Car13,47,49,79
frame686_beam_index_RSF7_Car12,117,42,33
frame686_beam_index_RSF7_Car13,108,41,119
frame686_beam_index_RSF7_Car24,69,86,91
frame688_beam_index_RSF7_Car12,111,99,19
frame688_beam_index_RSF7_Car13,39,7,39
frame688_beam_index_RSF7_Car24,98,34,91
frame693_beam_index_RSF7_Car12,44,69,68
frame693_beam_index_RSF7_Car13,63,71,48
frame695_beam_index_RSF7_Car12,3,85,34
frame695_beam_index_RSF7_Car13,113,9,61
frame696_beam_index_RSF7_Car12,20,40,125
frame696_beam_index_RSF7_Car13,12,103,110
frame699_beam_index_RSF7_Car12,28,48,97
frame699_beam_index_RSF7_Car13,74,75,7
frame701_beam_index_RSF7_Car12,82,83,14
frame701_beam_index_RSF7_Car13,81,87,19
frame703_beam_index_RSF7_Car12,54,127,60
frame703_beam_index_RSF7_Car13,109,119,127
frame704_beam_index_RSF7_Car12,67,34,89
frame704_beam_index_RSF7_Car13,41,31,39
frame707_beam_index_RSF7_Car12,78,101,52
frame707_beam_index_RSF7_Car13,47,20,96
frame708_beam_index_RSF7_Car12,97,52,95
frame708_beam_index_RSF7_Car13,71,62,5
frame708_beam_index_RSF7_Car24,57,4,11
frame710_beam_index_RSF7_Car12,19,102,84
frame710_beam_index_RSF7_Car13,27,29,18
frame710_beam_index_RSF7_Car24,37,126,61
frame712_beam_index_RSF7_Car12,116,47,117
frame712_beam_index_RSF7_Car13,124,89,20
frame712_beam_index_RSF7_Car24,70,100,49
frame713_beam_index_RSF7_Car12,15,18,38
frame713_beam_index_RSF7_Car13,120,89,84
frame713_beam_index_RSF7_Car24,22,115,76
frame715_beam_index_RSF7_Car12,105,104,60
frame715_beam_index_RSF7_Car13,111,97,93
frame715_beam_index_RSF7_Car24,66,26,64
frame717_beam_index_RSF7_Car12,126,121,96
frame717_beam_index_RSF7_Car13,58,3,30
frame718_beam_index_RSF7_Car12,19,10,89
frame718_beam_index_RSF7_Car13,46,19,127
frame718_beam_index_RSF7_Car24,58,124,107
frame719_beam_index_RSF7_Car12,85,6,51
frame719_beam_index_RSF7_Car13,14,58,8
frame719_beam_index_RSF7_Car24,2,118,18
frame723_beam_index_RSF7_Car12,121,86,57
frame723_beam_index_RSF7_Car13,94,100,92
frame723_beam_index_RSF7_Car24,35,66,56
frame724_beam_index_RSF7_Car12,100,82,43
frame724_beam_index_RSF7_Car13,73,92,72
frame724_beam_index_RSF7_Car24,117,8,5
frame725_beam_index_RSF7_Car12,13,7,21
frame725_beam_index_RSF7_Car13,93,37,45
frame725_beam_index_RSF7_Car24,52,125,48
frame727_beam_index_RSF7_Car12,62,78,101
frame727_beam_index_RSF7_Car13,119,51,4
frame727_beam_index_RSF7_Car24,120,86,56
frame733_beam_index_RSF7_Car12,75,34,45
frame733_beam_index_RSF7_Car13,16,9,80
frame733_beam_index_RSF7_Car24,103,16,95
frame735_beam_index_RSF7_Car12,31,13,5
frame735_beam_index_RSF7_Car13,123,127,47
frame735_beam_index_RSF7_Car24,39,18,123
frame737_beam_index_RSF7_Car12,20,119,2
frame737_beam_index_RSF7_Car13,40,30,10
frame737_beam_index_RSF7_Car24,64,42,75
frame742_beam_index_RSF7_Car12,53,93,53
frame742_beam_index_RSF7_Car13,40,16,48
frame742_beam_index_RSF7_Car24,125,61,92
frame747_beam_index_RSF7_Car12,81,38,114
frame747_beam_index_RSF7_Car13,113,44,15
frame747_beam_index_RSF7_Car24,95,61,7
frame749_beam_index_RSF7_Car12,124,110,30
frame749_beam_index_RSF7_Car13,36,127,113
frame749_beam_index_RSF7_Car24,90,11,123
frame750_beam_index_RSF7_Car12,70,106,29
frame750_beam_index_RSF7_Car13,92,79,93
frame750_beam_index_RSF7_Car24,6,112,76
frame751_beam_index_RSF7_Car12,51,80,110
frame751_beam_index_RSF7_Car13,38,122,73
frame751_beam_index_RSF7_Car24,22,97,90
frame758_beam_index_RSF7_Car12,54,40,7
frame758_beam_index_RSF7_Car13,110,96,40
frame758_beam_index_RSF7_Car24,107,124,24
frame759_beam_index_RSF7_Car12,127,41,51
frame759_beam_index_RSF7_Car13,39,102,114
frame759_beam_index_RSF7_Car24,101,83,43
frame761_beam_index_RSF7_Car12,69,94,59
frame761_beam_index_RSF7_Car13,25,94,120
frame761_beam_index_RSF7_Car24,25,73,91
frame762_beam_index_RSF7_Car12,24,62,104
frame762_beam_index_RSF7_Car13,43,59,54
frame762_beam_index_RSF7_Car24,102,126,79
frame763_beam_index_RSF7_Car12,102,26,54
frame763_beam_index_RSF7_Car13,61,94,75
frame763_beam_index_RSF7_Car24,93,79,44
frame767_beam_index_RSF7_Car12,9,42,29
frame767_beam_index_RSF7_Car13,79,81,80
frame767_beam_index_RSF7_Car24,58,86,104
frame772_beam_index_RSF7_Car12,63,49,127
frame772_beam_index_RSF7_Car13,107,11,102
frame772_beam_index_RSF7_Car24,89,54,30
frame773_beam_index_RSF7_Car12,66,65,116
frame773_beam_index_RSF7_Car13,102,58,122
frame773_beam_index_RSF7_Car24,57,37,119
frame774_beam_index_RSF7_Car12,118,54,73
frame774_beam_index_RSF7_Car13,69,114,24
frame774_beam_index_RSF7_Car24,63,91,94
frame778_beam_index_RSF7_Car12,51,15,126
frame778_beam_index_RSF7_Car13,47,73,46
frame778_beam_index_RSF7_Car24,101,30,113
frame782_beam_index_RSF7_Car12,79,20,57
frame782_beam_index_RSF7_Car13,49,56,56
frame782_beam_index_RSF7_Car24,25,9,109
frame785_beam_index_RSF7_Car12,22,77,37
frame785_beam_index_RSF7_Car13,124,28,14
frame785_beam_index_RSF7_Car24,30,39,57
frame795_beam_index_RSF7_Car12,5,12,35
frame795_beam_index_RSF7_Car13,41,63,42
frame795_beam_index_RSF7_Car24,125,65,110
frame799_beam_index_RSF7_Car12,65,106,126
frame799_beam_index_RSF7_Car13,43,60,20
frame799_beam_index_RSF7_Car24,98,119,98
frame801_beam_index_RSF7_Car12,63,119,24
frame801_beam_index_RSF7_Car13,92,75,72
frame801_beam_index_RSF7_Car24,35,41,122
frame808_beam_index_RSF7_Car12,16,122,80
frame808_beam_index_RSF7_Car13,106,6,20
frame808_beam_index_RSF7_Car24,56,116,116
frame809_beam_index_RSF7_Car12,75,8,84
frame809_beam_index_RSF7_Car13,96,97,6
frame809_beam_index_RSF7_Car24,92,8,62
frame810_beam_index_RSF7_Car12,14,3,2
frame810_beam_index_RSF7_Car13,22,97,107
frame810_beam_index_RSF7_Car24,85,70,104
frame813_beam_index_RSF7_Car12,71,6,50
frame813_beam_index_RSF7_Car13,44,8,24
frame813_beam_index_RSF7_Car24,27,53,51
frame817_beam_index_RSF7_Car12,28,59,120
frame817_beam_index_RSF7_Car13,69,83,73
frame817_beam_index_RSF7_Car24,25,44,47
frame820_beam_index_RSF7_Car12,119,109,120
frame820_beam_index_RSF7_Car13,13,53,53
frame820_beam_index_RSF7_Car24,37,63,66
frame822_beam_index_RSF7_Car12,115,40,78
frame822_beam_index_RSF7_Car13,61,95,6
frame822_beam_index_RSF7_Car24,25,103,46
frame826_beam_index_RSF7_Car12,31,102,80
frame826_beam_index_RSF7_Car13,63,91,94
frame826_beam_index_RSF7_Car24,68,39,80
frame830_beam_index_RSF7_Car12,36,7,85
frame830_beam_index_RSF7_Car13,66,55,72
frame830_beam_index_RSF7_Car24,42,27,2
frame831_beam_index_RSF7_Car12,70,4,21
frame831_beam_index_RSF7_Car13,1,38,60
frame831_beam_index_RSF7_Car24,76,91,14
frame835_beam_index_RSF7_Car12,79,88,82
frame835_beam_index_RSF7_Car13,17,73,47
frame835_beam_index_RSF7_Car24,82,56,127
frame836_beam_index_RSF7_Car12,53,18,69
frame836_beam_index_RSF7_Car13,48,9,54
frame836_beam_index_RSF7_Car24,35,108,120
frame837_beam_index_RSF7_Car12,46,1,41
frame837_beam_index_RSF7_Car13,73,32,84
frame837_beam_index_RSF7_Car24,77,40,11
frame840_beam_index_RSF7_Car12,62,46,48
frame840_beam_index_RSF7_Car13,43,51,61
frame840_beam_index_RSF7_Car24,118,42,26
frame846_beam_index_RSF7_Car12,104,11,25
frame846_beam_index_RSF7_Car13,40,25,84
frame846_beam_index_RSF7_Car24,106,113,119
frame850_beam_index_RSF7_Car12,75,108,74
frame850_beam_index_RSF7_Car13,52,113,3
frame850_beam_index_RSF7_Car24,39,91,35
frame851_beam_index_RSF7_Car12,113,119,40
frame851_beam_index_RSF7_Car13,95,85,22
frame851_beam_index_RSF7_Car24,62,19,14
frame855_beam_index_RSF7_Car12,101,115,109
frame855_beam_index_RSF7_Car13,50,62,87
frame855_beam_index_RSF7_Car24,90,43,55
frame860_beam_index_RSF7_Car12,108,40,12
frame860_beam_index_RSF7_Car13,65,114,34
frame860_beam_index_RSF7_Car24,108,83,23
frame862_beam_index_RSF7_Car12,71,7,65
frame862_beam_index_RSF7_Car13,18,8,89
frame862_beam_index_RSF7_Car24,42,93,87
frame864_beam_index_RSF7_Car12,93,1,79
frame864_beam_index_RSF7_Car13,15,28,36
frame864_beam_index_RSF7_Car24,106,104,96
frame868_beam_index_RSF7_Car12,46,77,21
frame868_beam_index_RSF7_Car13,49,39,38
frame868_beam_index_RSF7_Car24,9,20,84
frame870_beam_index_RSF7_Car12,8,14,62
frame870_beam_index_RSF7_Car13,84,35,55
frame870_beam_index_RSF7_Car24,45,21,105
frame872_beam_index_RSF7_Car12,53,105,54
frame872_beam_index_RSF7_Car13,86,43,127
frame872_beam_index_RSF7_Car24,6,55,44
frame876_beam_index_RSF7_Car12,91,68,4
frame876_beam_index_RSF7_Car13,121,63,92
frame876_beam_index_RSF7_Car24,119,91,58
frame877_beam_index_RSF7_Car12,54,81,103
frame877_beam_index_RSF7_Car13,38,60,52
frame877_beam_index_RSF7_Car24,29,40,71
frame880_beam_index_RSF7_Car12,8,105,97
frame880_beam_index_RSF7_Car13,96,35,82
frame880_beam_index_RSF7_Car24,115,123,107
frame883_beam_index_RSF7_Car12,16,18,59
frame883_beam_index_RSF7_Car13,102,89,34
frame883_beam_index_RSF7_Car24,4,69,117
frame885_beam_index_RSF7_Car12,127,78,65
frame885_beam_index_RSF7_Car13,61,86,46
frame885_beam_index_RSF7_Car24,21,77,118
frame892_beam_index_RSF7_Car12,112,126,100
frame892_beam_index_RSF7_Car13,93,123,38
frame892_beam_index_RSF7_Car24,73,97,127
frame895_beam_index_RSF7_Car12,86,81,60
frame895_beam_index_RSF7_Car13,87,36,6
frame895_beam_index_RSF7_Car24,112,39,29
frame898_beam_index_RSF7_Car12,27,69,9
frame898_beam_index_RSF7_Car13,24,63,19
frame898_beam_index_RSF7_Car24,97,123,30
frame900_beam_index_RSF7_Car12,58,40,116
frame900_beam_index_RSF7_Car13,119,68,119
frame900_beam_index_RSF7_Car24,32,126,113
frame901_beam_index_RSF7_Car12,65,34,85
frame901_beam_index_RSF7_Car13,31,59,78
frame901_beam_index_RSF7_Car24,26,22,34
frame904_beam_index_RSF7_Car12,97,121,13
frame904_beam_index_RSF7_Car13,127,96,55
frame904_beam_index_RSF7_Car24,8,62,22
frame905_beam_index_RSF7_Car12,125,105,56
frame905_beam_index_RSF7_Car13,84,21,98
frame905_beam_index_RSF7_Car24,49,94,6
frame906_beam_index_RSF7_Car12,35,27,84
frame906_beam_index_RSF7_Car13,126,113,102
frame906_beam_index_RSF7_Car24,40,14,74
frame908_beam_index_RSF7_Car12,52,106,79
frame908_beam_index_RSF7_Car13,40,43,112
frame908_beam_index_RSF7_Car24,58,3,15
frame909_beam_index_RSF7_Car12,45,95,11
frame909_beam_index_RSF7_Car13,110,39,19
frame909_beam_index_RSF7_Car24,79,102,20
frame915_beam_index_RSF7_Car12,86,71,56
frame915_beam_index_RSF7_Car13,78,118,4
frame915_beam_index_RSF7_Car24,9,103,25
frame917_beam_index_RSF7_Car12,47,99,101
frame917_beam_index_RSF7_Car13,49,27,28
frame917_beam_index_RSF7_Car24,88,97,97
frame918_beam_index_RSF7_Car12,62,16,87
frame918_beam_index_RSF7_Car13,46,75,46
frame918_beam_index_RSF7_Car24,40,83,34
frame928_beam_index_RSF7_Car12,87,10,101
frame928_beam_index_RSF7_Car13,111,1,66
frame928_beam_index_RSF7_Car24,115,86,126
frame934_beam_index_RSF7_Car12,17,47,24
frame934_beam_index_RSF7_Car13,50,85,104
frame934_beam_index_RSF7_Car24,29,117,125
frame937_beam_index_RSF7_Car12,78,72,94
frame937_beam_index_RSF7_Car13,86,87,104
frame937_beam_index_RSF7_Car24,115,13,64
frame939_beam_index_RSF7_Car12,28,94,5
frame939_beam_index_RSF7_Car13,74,103,9
frame939_beam_index_RSF7_Car24,14,102,10
frame940_beam_index_RSF7_Car12,33,75,40
frame940_beam_index_RSF7_Car13,6,17,36
frame940_beam_index_RSF7_Car24,70,61,111
frame941_beam_index_RSF7_Car12,74,49,106
frame941_beam_index_RSF7_Car13,69,83,71
frame941_beam_index_RSF7_Car24,125,24,51
frame943_beam_index_RSF7_Car12,42,19,62
frame943_beam_index_RSF7_Car13,75,67,30
frame943_beam_index_RSF7_Car24,107,38,6
frame944_beam_index_RSF7_Car12,111,99,22
frame944_beam_index_RSF7_Car13,121,11,72
frame944_beam_index_RSF7_Car24,91,125,29
frame946_beam_index_RSF7_Car12,119,119,8
frame946_beam_index_RSF7_Car13,87,93,80
frame946_beam_index_RSF7_Car24,35,72,72
frame947_beam_index_RSF7_Car12,45,33,106
frame947_beam_index_RSF7_Car13,5,62,37
frame947_beam_index_RSF7_Car24,17,22,78
frame948_beam_index_RSF7_Car12,102,32,14
frame948_beam_index_RSF7_Car13,108,20,22
frame948_beam_index_RSF7_Car24,30,54,33
frame951_beam_index_RSF7_Car12,5,18,63
frame951_beam_index_RSF7_Car13,46,7,29
frame951_beam_index_RSF7_Car24,57,47,9
frame952_beam_index_RSF7_Car12,126,111,59
frame952_beam_index_RSF7_Car13,112,105,123
frame952_beam_index_RSF7_Car24,71,71,113
frame955_beam_index_RSF7_Car12,43,59,6
frame955_beam_index_RSF7_Car13,110,111,53
frame955_beam_index_RSF7_Car24,64,104,120
frame957_beam_index_RSF7_Car12,91,4,1
frame957_beam_index_RSF7_Car13,70,122,31
frame957_beam_index_RSF7_Car24,65,117,69
frame958_beam_index_RSF7_Car12,19,69,118
frame958_beam_index_RSF7_Car13,69,49,31
frame958_beam_index_RSF7_Car24,60,108,71
frame959_beam_index_RSF7_Car12,79,115,55
frame959_beam_index_RSF7_Car13,117,77,76
frame959_beam_index_RSF7_Car24,127,83,77
frame963_beam_index_RSF7_Car12,91,38,33
frame963_beam_index_RSF7_Car13,6,13,77
frame963_beam_index_RSF7_Car24,77,20,100
frame966_beam_index_RSF7_Car12,37,45,73
frame966_beam_index_RSF7_Car13,81,99,127
frame966_beam_index_RSF7_Car24,59,52,18
frame967_beam_index_RSF7_Car12,25,123,79
frame967_beam_index_RSF7_Car13,87,1,41
frame967_beam_index_RSF7_Car24,102,18,1
frame970_beam_index_RSF7_Car12,118,39,74
frame970_beam_index_RSF7_Car13,31,102,71
frame970_beam_index_RSF7_Car24,38,8,34
frame974_beam_index_RSF7_Car12,73,89,27
frame974_beam_index_RSF7_Car13,41,7,32
frame974_beam_index_RSF7_Car24,73,81,99
frame976_beam_index_RSF7_Car12,112,16,2
frame976_beam_index_RSF7_Car13,43,31,80
frame976_beam_index_RSF7_Car24,47,33,85
frame977_beam_index_RSF7_Car12,17,99,54
frame977_beam_index_RSF7_Car13,54,51,52
frame977_beam_index_RSF7_Car24,7,54,93
frame978_beam_index_RSF7_Car12,11,62,30
frame978_beam_index_RSF7_Car13,82,57,46
frame978_beam_index_RSF7_Car24,80,70,66
frame979_beam_index_RSF7_Car12,55,107,107
frame979_beam_index_RSF7_Car13,58,10,4
frame979_beam_index_RSF7_Car24,113,74,73
frame981_beam_index_RSF7_Car12,62,109,43
frame981_beam_index_RSF7_Car13,42,24,5
frame981_beam_index_RSF7_Car24,99,68,99
frame984_beam_index_RSF7_Car12,106,120,77
frame984_beam_index_RSF7_Car13,101,96,45
frame984_beam_index_RSF7_Car24,59,120,65
frame985_beam_index_RSF7_Car12,63,121,75
frame985_beam_index_RSF7_Car13,90,67,49
frame985_beam_index_RSF7_Car24,115,77,32
frame986_beam_index_RSF7_Car12,112,50,87
frame986_beam_index_RSF7_Car13,58,52,23
frame986_beam_index_RSF7_Car24,115,30,70
frame989_beam_index_RSF7_Car12,119,71,111
frame989_beam_index_RSF7_Car13,30,37,48
frame989_beam_index_RSF7_Car24,32,70,35
frame991_beam_index_RSF7_Car12,96,76,68
frame991_beam_index_RSF7_Car13,32,59,118
frame991_beam_index_RSF7_Car24,35,127,112
frame993_beam_index_RSF7_Car12,16,119,115
frame993_beam_index_RSF7_Car13,79,105,52
frame993_beam_index_RSF7_Car24,66,6,14
frame994_beam_index_RSF7_Car12,105,29,106
frame994_beam_index_RSF7_Car13,26,18,111
frame994_beam_index_RSF7_Car24,4,101,57
frame996_beam_index_RSF7_Car12,119,53,102
frame996_beam_index_RSF7_Car13,25,47,52
frame996_beam_index_RSF7_Car24,126,93,34
frame1003_beam_index_RSF7_Car12,16,101,94
frame1003_beam_index_RSF7_Car13,87,127,124
frame1003_beam_index_RSF7_Car24,36,28,65
frame1004_beam_index_RSF7_Car12,72,53,42
frame1004_beam_index_RSF7_Car13,79,98,19
frame1004_beam_index_RSF7_Car24,44,30,74
frame1005_beam_index_RSF7_Car12,44,122,117
frame1005_beam_index_RSF7_Car13,27,84,89
frame1005_beam_index_RSF7_Car24,73,104,34
frame1007_beam_index_RSF7_Car12,127,85,126
frame1007_beam_index_RSF7_Car13,24,56,7
frame1007_beam_index_RSF7_Car24,68,51,8
frame1011_beam_index_RSF7_Car12,56,77,58
frame1011_beam_index_RSF7_Car13,85,99,69
frame1011_beam_index_RSF7_Car24,116,8,66
frame1012_beam_index_RSF7_Car12,123,24,42
frame1012_beam_index_RSF7_Car13,54,16,4
frame1012_beam_index_RSF7_Car24,59,94,46
frame1016_beam_index_RSF7_Car12,94,99,106
frame1016_beam_index_RSF7_Car13,13,37,54
frame1016_beam_index_RSF7_Car24,49,113,75
frame1018_beam_index_RSF7_Car12,58,19,18
frame1018_beam_index_RSF7_Car13,60,17,11
frame1018_beam_index_RSF7_Car24,15,72,108
frame1020_beam_index_RSF7_Car12,93,17,90
frame1020_beam_index_RSF7_Car13,126,120,5
frame1020_beam_index_RSF7_Car24,61,4,56
frame1021_beam_index_RSF7_Car12,127,88,75
frame1021_beam_index_RSF7_Car13,94,104,48
frame1021_beam_index_RSF7_Car24,48,35,108
frame1024_beam_index_RSF7_Car12,120,109,33
frame1024_beam_index_RSF7_Car13,125,100,21
frame1024_beam_index_RSF7_Car24,102,5,64
frame1025_beam_index_RSF7_Car12,69,21,89
frame1025_beam_index_RSF7_Car13,74,122,83
frame1025_beam_index_RSF7_Car24,32,18,58
frame1026_beam_index_RSF7_Car12,98,112,79
frame1026_beam_index_RSF7_Car13,24,5,127
frame1026_beam_index_RSF7_Car24,53,118,96
frame1029_beam_index_RSF7_Car12,73,55,5
frame1029_beam_index_RSF7_Car13,69,122,41
frame1029_beam_index_RSF7_Car24,105,98,7
frame1043_beam_index_RSF7_Car12,90,1,52
frame1043_beam_index_RSF7_Car13,98,26,121
frame1043_beam_index_RSF7_Car24,96,63,12
frame1046_beam_index_RSF7_Car12,70,84,19
frame1046_beam_index_RSF7_Car13,80,4,96
frame1046_beam_index_RSF7_Car24,82,5,121
frame1047_beam_index_RSF7_Car12,54,114,70
frame1047_beam_index_RSF7_Car13,57,78,52
frame1047_beam_index_RSF7_Car24,113,18,64
frame1049_beam_index_RSF7_Car12,117,10,23
frame1049_beam_index_RSF7_Car13,120,115,121
frame1049_beam_index_RSF7_Car24,82,68,52
frame1053_beam_index_RSF7_Car12,96,47,70
frame1053_beam_index_RSF7_Car13,26,70,99
frame1053_beam_index_RSF7_Car24,105,43,69
frame1055_beam_index_RSF7_Car12,63,78,66
frame1055_beam_index_RSF7_Car13,118,115,104
frame1055_beam_index_RSF7_Car24,63,13,51
frame1057_beam_index_RSF7_Car12,5,47,36
frame1057_beam_index_RSF7_Car13,36,50,56
frame1057_beam_index_RSF7_Car24,19,20,22
frame1062_beam_index_RSF7_Car12,31,105,111
frame1062_beam_index_RSF7_Car13,62,44,68
frame1062_beam_index_RSF7_Car24,67,101,89
frame1063_beam_index_RSF7_Car12,49,101,59
frame1063_beam_index_RSF7_Car13,4,117,39
frame1063_beam_index_RSF7_Car24,7,71,49
frame1064_beam_index_RSF7_Car12,89,15,7
frame1064_beam_index_RSF7_Car13,47,116,68
frame1064_beam_index_RSF7_Car24,98,118,45
frame1068_beam_index_RSF7_Car12,108,106,19
frame1068_beam_index_RSF7_Car13,47,113,53
frame1068_beam_index_RSF7_Car24,102,27,5
frame1069_beam_index_RSF7_Car12,117,60,122
frame1069_beam_index_RSF7_Car13,77,62,59
frame1069_beam_index_RSF7_Car24,110,61,56
frame1070_beam_index_RSF7_Car12,78,94,47
frame1070_beam_index_RSF7_Car13,48,10,32
frame1070_beam_index_RSF7_Car24,65,24,29
frame1071_beam_index_RSF7_Car12,107,7,95
frame1071_beam_index_RSF7_Car13,17,94,25
frame1071_beam_index_RSF7_Car24,92,36,61
frame1075_beam_index_RSF7_Car12,71,35,120
frame1075_beam_index_RSF7_Car13,84,78,114
frame1075_beam_index_RSF7_Car24,50,56,94
frame1082_beam_index_RSF7_Car12,120,65,102
frame1082_beam_index_RSF7_Car13,41,25,34
frame1082_beam_index_RSF7_Car24,8,56,84
frame1086_beam_index_RSF7_Car12,30,68,21
frame1086_beam_index_RSF7_Car13,91,10,87
frame1086_beam_index_RSF7_Car24,33,75,105
frame1089_beam_index_RSF7_Car12,83,75,4
frame1089_beam_index_RSF7_Car13,23,69,53
frame1089_beam_index_RSF7_Car24,113,114,5
frame1090_beam_index_RSF7_Car12,18,17,58
frame1090_beam_index_RSF7_Car13,67,107,113
frame1090_beam_index_RSF7_Car24,122,72,56
frame1092_beam_index_RSF7_Car12,40,87,87
frame1092_beam_index_RSF7_Car13,2,121,103
frame1092_beam_index_RSF7_Car24,21,52,24
frame1095_beam_index_RSF7_Car12,53,38,20
frame1095_beam_index_RSF7_Car13,50,124,39
frame1095_beam_index_RSF7_Car24,60,114,91
frame1098_beam_index_RSF7_Car12,108,39,71
frame1098_beam_index_RSF7_Car13,33,29,74
frame1098_beam_index_RSF7_Car24,10,76,67
frame1102_beam_index_RSF7_Car12,3,77,109
frame1102_beam_index_RSF7_Car13,31,27,70
frame1102_beam_index_RSF7_Car24,27,99,124
frame1103_beam_index_RSF7_Car12,111,9,117
frame1103_beam_index_RSF7_Car13,6,6,104
frame1103_beam_index_RSF7_Car24,26,43,19
frame1104_beam_index_RSF7_Car12,16,105,23
frame1104_beam_index_RSF7_Car13,75,80,29
frame1104_beam_index_RSF7_Car24,38,59,113
frame1105_beam_index_RSF7_Car12,48,20,21
frame1105_beam_index_RSF7_Car13,28,50,33
frame1105_beam_index_RSF7_Car24,114,40,90
frame1106_beam_index_RSF7_Car12,54,10,34
frame1106_beam_index_RSF7_Car13,73,120,36
frame1106_beam_index_RSF7_Car24,75,74,110
frame1107_beam_index_RSF7_Car12,7,115,102
frame1107_beam_index_RSF7_Car13,16,51,90
frame1107_beam_index_RSF7_Car24,96,61,31
frame1108_beam_index_RSF7_Car12,115,32,45
frame1108_beam_index_RSF7_Car13,76,27,121
frame1108_beam_index_RSF7_Car24,22,15,8
frame1110_beam_index_RSF7_Car12,68,116,8
frame1110_beam_index_RSF7_Car13,87,117,16
frame1110_beam_index_RSF7_Car24,48,34,86
frame1112_beam_index_RSF7_Car12,113,87,127
frame1112_beam_index_RSF7_Car13,57,5,101
frame1112_beam_index_RSF7_Car24,44,71,37
frame1115_beam_index_RSF7_Car12,90,124,28
frame1115_beam_index_RSF7_Car13,68,113,96
frame1115_beam_index_RSF7_Car24,38,46,73
frame1120_beam_index_RSF7_Car12,100,26,75
frame1120_beam_index_RSF7_Car13,84,53,63
frame1120_beam_index_RSF7_Car24,112,63,112
frame1121_beam_index_RSF7_Car12,112,38,15
frame1121_beam_index_RSF7_Car13,99,9,97
frame1121_beam_index_RSF7_Car24,75,22,70
frame1123_beam_index_RSF7_Car12,56,37,57
frame1123_beam_index_RSF7_Car13,121,60,114
frame1123_beam_index_RSF7_Car24,85,12,7
frame1124_beam_index_RSF7_Car12,66,103,41
frame1124_beam_index_RSF7_Car13,24,90,25
frame1124_beam_index_RSF7_Car24,62,84,104
frame1127_beam_index_RSF7_Car12,105,106,44
frame1127_beam_index_RSF7_Car13,2,42,99
frame1127_beam_index_RSF7_Car24,33,17,122
frame1128_beam_index_RSF7_Car12,63,22,1
frame1128_beam_index_RSF7_Car13,101,94,110
frame1128_beam_index_RSF7_Car24,70,105,54
frame1135_beam_index_RSF7_Car12,14,100,97
frame1135_beam_index_RSF7_Car13,102,103,53
frame1135_beam_index_RSF7_Car24,6,90,64
frame1136_beam_index_RSF7_Car12,88,33,72
frame1136_beam_index_RSF7_Car13,44,125,107
frame1136_beam_index_RSF7_Car24,34,34,24
frame1137_beam_index_RSF7_Car12,2,8,117
frame1137_beam_index_RSF7_Car13,25,121,94
frame1137_beam_index_RSF7_Car24,32,56,94
frame1138_beam_index_RSF7_Car12,121,7,48
frame1138_beam_index_RSF7_Car13,88,54,63
frame1138_beam_index_RSF7_Car24,73,80,2
frame1139_beam_index_RSF7_Car12,35,98,127
frame1139_beam_index_RSF7_Car13,22,83,64
frame1139_beam_index_RSF7_Car24,59,49,52
frame1140_beam_index_RSF7_Car12,21,12,11
frame1140_beam_index_RSF7_Car13,116,54,83
frame1140_beam_index_RSF7_Car24,122,70,106
frame1142_beam_index_RSF7_Car12,14,33,111
frame1142_beam_index_RSF7_Car13,102,77,120
frame1142_beam_index_RSF7_Car24,26,14,109
frame1144_beam_index_RSF7_Car12,88,48,65
frame1144_beam_index_RSF7_Car13,46,127,109
frame1144_beam_index_RSF7_Car24,55,94,74
frame1145_beam_index_RSF7_Car12,74,92,68
frame1145_beam_index_RSF7_Car13,78,12,54
frame1145_beam_index_RSF7_Car24,64,102,47
frame1148_beam_index_RSF7_Car12,37,74,41
frame1148_beam_index_RSF7_Car13,27,42,120
frame1148_beam_index_RSF7_Car24,76,86,68
frame1149_beam_index_RSF7_Car12,29,36,109
frame1149_beam_index_RSF7_Car13,57,78,12
frame1149_beam_index_RSF7_Car24,45,20,45
frame1151_beam_index_RSF7_Car12,23,62,86
frame1151_beam_index_RSF7_Car13,34,21,51
frame1151_beam_index_RSF7_Car24,9,74,113
frame1155_beam_index_RSF7_Car12,10,52,45
frame1155_beam_index_RSF7_Car13,52,121,30
frame1155_beam_index_RSF7_Car24,64,97,2
frame1158_beam_index_RSF7_Car12,49,96,45
frame1158_beam_index_RSF7_Car13,17,28,126
frame1158_beam_index_RSF7_Car24,45,17,115
frame1161_beam_index_RSF7_Car12,59,14,116
frame1161_beam_index_RSF7_Car13,10,98,78
frame1161_beam_index_RSF7_Car24,81,101,86
frame1162_beam_index_RSF7_Car12,18,35,48
frame1162_beam_index_RSF7_Car13,58,115,18
frame1162_beam_index_RSF7_Car24,52,30,37
frame1163_beam_index_RSF7_Car12,40,6,79
frame1163_beam_index_RSF7_Car13,121,35,26
frame1163_beam_index_RSF7_Car24,105,91,30
frame1164_beam_index_RSF7_Car12,75,116,24
frame1164_beam_index_RSF7_Car13,122,55,78
frame1164_beam_index_RSF7_Car24,87,9,106
frame1165_beam_index_RSF7_Car12,62,111,18
frame1165_beam_index_RSF7_Car13,117,51,103
frame1165_beam_index_RSF7_Car24,19,69,117
frame1170_beam_index_RSF7_Car12,82,123,33
frame1170_beam_index_RSF7_Car13,108,38,13
frame1170_beam_index_RSF7_Car24,49,73,90
frame1172_beam_index_RSF7_Car12,53,1,12
frame1172_beam_index_RSF7_Car13,24,1,68
frame1172_beam_index_RSF7_Car24,7,116,92
frame1174_beam_index_RSF7_Car12,101,119,116
frame1174_beam_index_RSF7_Car13,69,39,32
frame1174_beam_index_RSF7_Car24,49,31,108
frame1176_beam_index_RSF7_Car12,79,3,113
frame1176_beam_index_RSF7_Car13,110,47,111
frame1176_beam_index_RSF7_Car24,15,51,107
frame1179_beam_index_RSF7_Car12,82,85,74
frame1179_beam_index_RSF7_Car13,21,90,41
frame1179_beam_index_RSF7_Car24,120,3,1
frame1182_beam_index_RSF7_Car12,21,75,80
frame1182_beam_index_RSF7_Car13,99,21,105
frame1182_beam_index_RSF7_Car24,75,126,95
frame1183_beam_index_RSF7_Car12,49,65,41
frame1183_beam_index_RSF7_Car13,96,67,124
frame1183_beam_index_RSF7_Car24,127,96,42
frame1186_beam_index_RSF7_Car12,69,57,43
frame1186_beam_index_RSF7_Car13,101,12,78
frame1186_beam_index_RSF7_Car24,64,108,51
frame1189_beam_index_RSF7_Car12,73,60,71
frame1189_beam_index_RSF7_Car13,80,28,124
frame1189_beam_index_RSF7_Car24,71,14,32
frame1191_beam_index_RSF7_Car12,8,27,117
frame1191_beam_index_RSF7_Car13,50,59,57
frame1191_beam_index_RSF7_Car24,3,27,94
frame1192_beam_index_RSF7_Car12,34,26,122
frame1192_beam_index_RSF7_Car13,101,40,115
frame1192_beam_index_RSF7_Car24,86,32,41
frame1193_beam_index_RSF7_Car12,2,111,72
frame1193_beam_index_RSF7_Car13,106,7,19
frame1193_beam_index_RSF7_Car24,33,118,2
frame1194_beam_index_RSF7_Car12,67,92,78
frame1194_beam_index_RSF7_Car13,15,21,78
frame1194_beam_index_RSF7_Car24,59,104,82
frame1196_beam_index_RSF7_Car12,118,113,39
frame1196_beam_index_RSF7_Car13,20,1,73
frame1196_beam_index_RSF7_Car24,9,107,51
frame1200_beam_index_RSF7_Car12,38,103,93
frame1200_beam_index_RSF7_Car13,15,84,102
frame1200_beam_index_RSF7_Car24,41,94,47
frame1201_beam_index_RSF7_Car12,26,54,119
frame1201_beam_index_RSF7_Car13,70,39,17
frame1201_beam_index_RSF7_Car24,70,92,9
frame1202_beam_index_RSF7_Car12,91,99,46
frame1202_beam_index_RSF7_Car13,6,68,16
frame1202_beam_index_RSF7_Car24,87,112,87
frame1209_beam_index_RSF7_Car12,29,41,68
frame1209_beam_index_RSF7_Car13,62,104,120
frame1209_beam_index_RSF7_Car24,40,62,24
frame1211_beam_index_RSF7_Car12,6,40,70
frame1211_beam_index_RSF7_Car13,58,14,78
frame1211_beam_index_RSF7_Car24,114,45,111
frame1213_beam_index_RSF7_Car12,99,6,23
frame1213_beam_index_RSF7_Car13,62,84,17
frame1213_beam_index_RSF7_Car24,84,112,70
frame1223_beam_index_RSF7_Car12,104,125,28
frame1223_beam_index_RSF7_Car13,13,29,126
frame1223_beam_index_RSF7_Car24,45,20,58
frame1224_beam_index_RSF7_Car12,81,117,119
frame1224_beam_index_RSF7_Car13,54,99,109
frame1224_beam_index_RSF7_Car24,103,64,52
frame1226_beam_index_RSF7_Car12,101,43,87
frame1226_beam_index_RSF7_Car13,18,100,84
frame1226_beam_index_RSF7_Car24,54,60,123
frame1227_beam_index_RSF7_Car12,71,100,106
frame1227_beam_index_RSF7_Car13,1,113,37
frame1227_beam_index_RSF7_Car24,49,35,105
frame1229_beam_index_RSF7_Car12,67,35,93
frame1229_beam_index_RSF7_Car13,9,37,60
frame1229_beam_index_RSF7_Car24,56,106,111
frame1232_beam_index_RSF7_Car12,89,12,102
frame1232_beam_index_RSF7_Car13,71,71,119
frame1232_beam_index_RSF7_Car24,4,61,45
frame1236_beam_index_RSF7_Car12,111,95,50
frame1236_beam_index_RSF7_Car13,50,103,74
frame1236_beam_index_RSF7_Car24,48,23,90
frame1237_beam_index_RSF7_Car12,87,93,8
frame1237_beam_index_RSF7_Car13,83,29,43
frame1237_beam_index_RSF7_Car24,53,6,93
frame1238_beam_index_RSF7_Car12,24,120,74
frame1238_beam_index_RSF7_Car13,115,124,14
frame1238_beam_index_RSF7_Car24,52,70,4
frame1240_beam_index_RSF7_Car12,58,116,79
frame1240_beam_index_RSF7_Car13,37,48,122
frame1240_beam_index_RSF7_Car24,39,92,66
frame1247_beam_index_RSF7_Car12,13,66,60
frame1247_beam_index_RSF7_Car13,122,126,41
frame1247_beam_index_RSF7_Car24,32,52,5
frame1249_beam_index_RSF7_Car12,67,66,78
frame1249_beam_index_RSF7_Car13,122,104,52
frame1249_beam_index_RSF7_Car24,126,108,49
frame1250_beam_index_RSF7_Car13,29,112,38
frame1250_beam_index_RSF7_Car24,70,114,98
frame1251_beam_index_RSF7_Car13,8,59,55
frame1251_beam_index_RSF7_Car24,110,2,26
frame1252_beam_index_RSF7_Car13,63,17,59
frame1252_beam_index_RSF7_Car24,88,95,16
frame1255_beam_index_RSF7_Car13,58,64,50
frame1255_beam_index_RSF7_Car24,85,102,26
frame1257_beam_index_RSF7_Car13,17,114,46
frame1257_beam_index_RSF7_Car24,106,127,68
frame1261_beam_index_RSF7_Car13,50,43,118
frame1261_beam_index_RSF7_Car24,48,126,68
frame1262_beam_index_RSF7_Car13,123,19,102
frame1262_beam_index_RSF7_Car24,25,72,18
frame1268_beam_index_RSF7_Car13,51,18,112
frame1268_beam_index_RSF7_Car24,58,64,71
frame1269_beam_index_RSF7_Car13,57,17,59
frame1269_beam_index_RSF7_Car24,67,86,15
frame1270_beam_index_RSF7_Car13,95,100,26
frame1270_beam_index_RSF7_Car24,48,14,122
frame1272_beam_index_RSF7_Car13,81,9,7
frame1272_beam_index_RSF7_Car24,110,91,92
frame1277_beam_index_RSF7_Car13,55,12,17
frame1277_beam_index_RSF7_Car24,73,108,108
frame1280_beam_index_RSF7_Car13,8,91,124
frame1280_beam_index_RSF7_Car24,42,76,37
frame1282_beam_index_RSF7_Car13,20,1,9
frame1282_beam_index_RSF7_Car24,111,24,125
frame1283_beam_index_RSF7_Car13,34,36,4
frame1283_beam_index_RSF7_Car24,29,87,99
frame1284_beam_index_RSF7_Car13,16,8,91
frame1284_beam_index_RSF7_Car24,39,58,12
frame1286_beam_index_RSF7_Car13,44,4,111
frame1286_beam_index_RSF7_Car24,25,70,67
frame1287_beam_index_RSF7_Car13,39,118,24
frame1287_beam_index_RSF7_Car24,85,6,97
frame1290_beam_index_RSF7_Car13,72,33,48
frame1290_beam_index_RSF7_Car24,67,124,2
frame1292_beam_index_RSF7_Car13,38,40,56
frame1292_beam_index_RSF7_Car24,103,103,88
frame1293_beam_index_RSF7_Car13,21,115,82
frame1293_beam_index_RSF7_Car24,35,75,75
frame1297_beam_index_RSF7_Car13,67,60,23
frame1297_beam_index_RSF7_Car24,65,63,23
frame1303_beam_index_RSF7_Car13,86,123,42
frame1303_beam_index_RSF7_Car24,94,64,66
frame1307_beam_index_RSF7_Car13,122,81,41
frame1307_beam_index_RSF7_Car24,114,20,9
frame1310_beam_index_RSF7_Car13,57,124,75
frame1310_beam_index_RSF7_Car24,17,78,82
frame1312_beam_index_RSF7_Car13,18,108,114
frame1312_beam_index_RSF7_Car24,63,72,93
frame1313_beam_index_RSF7_Car13,72,26,92
frame1313_beam_index_RSF7_Car24,72,124,84
frame1314_beam_index_RSF7_Car13,111,72,78
frame1314_beam_index_RSF7_Car24,13,119,104
frame1315_beam_index_RSF7_Car13,17,115,26
frame1315_beam_index_RSF7_Car24,6,81,4
frame1316_beam_index_RSF7_Car13,89,7,17
frame1316_beam_index_RSF7_Car24,125,124,86
frame1326_beam_index_RSF7_Car13,118,92,50
frame1326_beam_index_RSF7_Car24,6,30,74
frame1327_beam_index_RSF7_Car13,114,56,39
frame1327_beam_index_RSF7_Car24,14,54,110
frame1330_beam_index_RSF7_Car13,106,22,57
frame1330_beam_index_RSF7_Car24,41,90,10
frame1332_beam_index_RSF7_Car13,2,67,48
frame1332_beam_index_RSF7_Car24,42,119,11
frame1333_beam_index_RSF7_Car13,74,12,125
frame1333_beam_index_RSF7_Car24,14,30,105
frame1336_beam_index_RSF7_Car13,60,77,30
frame1336_beam_index_RSF7_Car24,38,75,65
frame1341_beam_index_RSF7_Car13,91,47,39
frame1341_beam_index_RSF7_Car24,107,49,101
frame1344_beam_index_RSF7_Car13,73,58,112
frame1344_beam_index_RSF7_Car24,107,90,89
frame1349_beam_index_RSF7_Car13,17,6,15
frame1349_beam_index_RSF7_Car24,125,67,95
frame1350_beam_index_RSF7_Car13,28,73,126
frame1350_beam_index_RSF7_Car24,44,115,18
frame1354_beam_index_RSF7_Car13,112,104,32
frame1354_beam_index_RSF7_Car24,83,127,69
frame1359_beam_index_RSF7_Car13,44,70,63
frame1359_beam_index_RSF7_Car24,76,58,47
frame1362_beam_index_RSF7_Car13,126,106,17
frame1362_beam_index_RSF7_Car24,39,59,7
frame1363_beam_index_RSF7_Car13,63,117,57
frame1363_beam_index_RSF7_Car24,75,34,53
frame1365_beam_index_RSF7_Car13,66,78,82
frame1365_beam_index_RSF7_Car24,48,60,43
frame1366_beam_index_RSF7_Car13,73,103,4
frame1366_beam_index_RSF7_Car24,112,78,75
frame1367_beam_index_RSF7_Car13,94,104,107
frame1367_beam_index_RSF7_Car24,91,93,52
frame1369_beam_index_RSF7_Car13,32,113,124
frame1369_beam_index_RSF7_Car24,94,90,94
frame1370_beam_index_RSF7_Car13,51,10,12
frame1370_beam_index_RSF7_Car24,97,98,82
frame1374_beam_index_RSF7_Car13,39,80,109
frame1374_beam_index_RSF7_Car24,68,10,92
frame1375_beam_index_RSF7_Car13,105,82,73
frame1375_beam_index_RSF7_Car24,86,10,104
frame1380_beam_index_RSF7_Car13,23,107,77
frame1380_beam_index_RSF7_Car24,88,13,48
frame1381_beam_index_RSF7_Car13,109,89,44
frame1381_beam_index_RSF7_Car24,111,93,80
frame1383_beam_index_RSF7_Car13,64,40,6
frame1383_beam_index_RSF7_Car24,120,72,98
frame1384_beam_index_RSF7_Car13,82,43,32
frame1384_beam_index_RSF7_Car24,49,74,98
frame1387_beam_index_RSF7_Car13,87,123,19
frame1387_beam_index_RSF7_Car24,84,52,52
frame1389_beam_index_RSF7_Car13,34,59,102
frame1389_beam_index_RSF7_Car24,81,108,126
frame1392_beam_index_RSF7_Car13,5,66,41
frame1392_beam_index_RSF7_Car24,34,54,20
frame1397_beam_index_RSF7_Car13,110,54,111
frame1397_beam_index_RSF7_Car24,66,92,18
frame1398_beam_index_RSF7_Car13,44,103,48
frame1398_beam_index_RSF7_Car24,115,35,79
frame1399_beam_index_RSF7_Car13,111,39,104
frame1399_beam_index_RSF7_Car24,103,3,19
frame1400_beam_index_RSF7_Car13,87,83,125
frame1400_beam_index_RSF7_Car24,18,94,103
frame1404_beam_index_RSF7_Car13,83,5,55
frame1404_beam_index_RSF7_Car24,13,34,88
frame1406_beam_index_RSF7_Car13,18,68,100
frame1406_beam_index_RSF7_Car24,72,43,65
frame1414_beam_index_RSF7_Car13,124,41,38
frame1414_beam_index_RSF7_Car24,100,38,13
frame1415_beam_index_RSF7_Car13,125,22,29
frame1415_beam_index_RSF7_Car24,126,9,91
frame1416_beam_index_RSF7_Car13,110,108,68
frame1416_beam_index_RSF7_Car24,104,17,118
frame1418_beam_index_RSF7_Car13,37,64,67
frame1418_beam_index_RSF7_Car24,4,40,16
frame1422_beam_index_RSF7_Car13,11,91,26
frame1422_beam_index_RSF7_Car24,123,126,95
frame1423_beam_index_RSF7_Car13,98,72,103
frame1423_beam_index_RSF7_Car24,65,125,2
frame1428_beam_index_RSF7_Car13,119,91,45
frame1428_beam_index_RSF7_Car24,43,3,34
frame1430_beam_index_RSF7_Car13,80,65,64
frame1430_beam_index_RSF7_Car24,7,35,22
frame1431_beam_index_RSF7_Car13,48,32,26
frame1431_beam_index_RSF7_Car24,120,6,46
frame1433_beam_index_RSF7_Car13,55,75,95
frame1433_beam_index_RSF7_Car24,118,55,85
frame1435_beam_index_RSF7_Car13,57,115,86
frame1435_beam_index_RSF7_Car24,121,63,1
frame1442_beam_index_RSF7_Car13,21,109,20
frame1442_beam_index_RSF7_Car24,73,91,29
frame1445_beam_index_RSF7_Car13,43,97,45
frame1445_beam_index_RSF7_Car24,116,65,3
frame1446_beam_index_RSF7_Car13,96,20,81
frame1446_beam_index_RSF7_Car24,37,38,113
frame1447_beam_index_RSF7_Car13,74,107,45
frame1447_beam_index_RSF7_Car24,93,42,46
frame1451_beam_index_RSF7_Car13,60,96,13
frame1451_beam_index_RSF7_Car24,31,124,68
frame1452_beam_index_RSF7_Car13,116,62,49
frame1452_beam_index_RSF7_Car24,18,75,106
frame1453_beam_index_RSF7_Car13,53,18,51
frame1453_beam_index_RSF7_Car24,41,101,97
frame1456_beam_index_RSF7_Car13,101,67,65
frame1456_beam_index_RSF7_Car24,83,123,6
frame1457_beam_index_RSF7_Car13,74,37,12
frame1457_beam_index_RSF7_Car24,108,81,91
frame1458_beam_index_RSF7_Car13,2,53,25
frame1458_beam_index_RSF7_Car24,123,110,108
frame1459_beam_index_RSF7_Car13,28,45,37
frame1459_beam_index_RSF7_Car24,101,17,69
frame1460_beam_index_RSF7_Car13,56,121,58
frame1460_beam_index_RSF7_Car24,83,4,103
frame1462_beam_index_RSF7_Car13,55,49,107
frame1462_beam_index_RSF7_Car24,38,45,108
frame1463_beam_index_RSF7_Car13,30,96,121
frame1463_beam_index_RSF7_Car24,37,56,27
frame1464_beam_index_RSF7_Car13,32,106,11
frame1464_beam_index_RSF7_Car24,105,122,58
frame1470_beam_index_RSF7_Car13,77,35,17
frame1470_beam_index_RSF7_Car24,30,126,18
frame1471_beam_index_RSF7_Car13,101,112,30
frame1471_beam_index_RSF7_Car24,90,119,16
frame1473_beam_index_RSF7_Car13,75,54,4
frame1473_beam_index_RSF7_Car24,127,105,15
frame1478_beam_index_RSF7_Car13,76,27,112
frame1478_beam_index_RSF7_Car24,4,35,123
frame1482_beam_index_RSF7_Car13,85,63,100
frame1482_beam_index_RSF7_Car24,66,115,39
frame1486_beam_index_RSF7_Car13,28,34,33
frame1486_beam_index_RSF7_Car24,50,60,72
frame1489_beam_index_RSF7_Car13,72,124,42
frame1489_beam_index_RSF7_Car24,114,86,91
frame1490_beam_index_RSF7_Car13,28,75,27
frame1490_beam_index_RSF7_Car24,119,1,103
frame1492_beam_index_RSF7_Car13,92,91,8
frame1492_beam_index_RSF7_Car24,121,46,24
frame1493_beam_index_RSF7_Car13,115,40,51
frame1493_beam_index_RSF7_Car24,118,100,119
frame1494_beam_index_RSF7_Car13,24,106,22
frame1494_beam_index_RSF7_Car24,74,68,8
frame1495_beam_index_RSF7_Car13,103,58,15
frame1495_beam_index_RSF7_Car24,8,93,42
frame1497_beam_index_RSF7_Car13,39,126,115
frame1497_beam_index_RSF7_Car24,35,41,48
frame1498_beam_index_RSF7_Car13,78,96,71
frame1498_beam_index_RSF7_Car24,44,97,112
